operator_id,module_id,recommended_at,reason,completed_at,quiz_score_pct
OP1001,TRN-ENGINE-01,2024-11-01 08:30:00,overheating,2024-11-04 05:48:38.980134325,77.0
OP1004,TRN-ENGINE-01,2024-11-01 14:10:00,over_rev,,
OP1004,TRN-SEC-01,2024-11-01 20:20:00,after_hours_use,,
OP1005,TRN-ENGINE-01,2024-11-02 12:30:00,overheating,,
OP1001,TRN-FATIGUE-01,2024-11-02 23:50:00,fatigue,,
OP1001,TRN-FATIGUE-01,2024-11-03 00:00:00,fatigue,2024-11-07 15:26:01.717034837,76.0
OP1007,TRN-PROX-01,2024-11-04 13:59:00,near_miss_person,2024-11-09 06:46:04.931487862,68.0
OP1002,TRN-PROX-01,2024-11-04 15:15:00,near_miss_person,2024-11-05 16:33:58.373197820,98.0
OP1007,TRN-SWING-01,2024-11-05 10:25:00,fast_swing,2024-11-08 03:38:03.404168819,72.0
OP1009,TRN-IDLE-01,2024-11-05 12:45:00,excessive_idling,2024-11-08 08:33:00.642485842,82.0
OP1007,TRN-SLOPE-01,2024-11-06 08:20:00,slope_exceeded,2024-11-09 22:38:45.811341612,66.0
OP1010,TRN-SLOPE-01,2024-11-06 17:30:00,slope_exceeded,2024-11-08 22:06:35.538274427,86.0
OP1008,TRN-SWING-01,2024-11-07 10:10:00,fast_swing,2024-11-08 19:01:00.833699352,81.0
OP1008,TRN-CAB-01,2024-11-07 10:15:00,operator_out_of_seat,2024-11-08 22:44:55.872888539,77.0
OP1006,TRN-PROX-01,2024-11-07 13:53:00,near_miss_person,,
OP1011,TRN-ENGINE-01,2024-11-08 09:10:00,overheating,2024-11-10 08:31:16.255543196,78.0
OP1007,TRN-PROX-01,2024-11-08 11:27:00,near_miss_person,2024-11-12 12:18:56.455140576,75.0
OP1004,TRN-IDLE-01,2024-11-08 12:20:00,excessive_idling,2024-11-09 19:41:22.574616566,58.0
OP1007,TRN-FATIGUE-01,2024-11-08 16:30:00,fatigue,2024-11-10 18:55:14.219999203,77.0
OP1012,TRN-FATIGUE-01,2024-11-09 01:55:00,fatigue,2024-11-09 15:07:52.734009903,60.0
OP1012,TRN-IDLE-01,2024-11-09 05:30:00,excessive_idling,,
OP1003,TRN-PROX-01,2024-11-09 15:53:00,near_miss_person,2024-11-14 10:08:37.296196686,68.0
OP1003,TRN-ENGINE-01,2024-11-09 15:55:00,overheating,,
OP1007,TRN-SWING-01,2024-11-11 10:05:00,harsh_operation,,
OP1002,TRN-IDLE-01,2024-11-11 10:55:00,excessive_idling,2024-11-15 23:31:34.967234534,86.0
OP1008,TRN-FATIGUE-01,2024-11-11 11:10:00,fatigue,2024-11-12 13:50:45.263869316,71.0
OP1002,TRN-SLOPE-01,2024-11-11 11:45:00,slope_exceeded,,
OP1004,TRN-BELT-01,2024-11-11 16:40:00,seatbelt_off_while_moving,,
OP1002,TRN-FATIGUE-01,2024-11-12 11:50:00,fatigue,2024-11-13 11:35:06.493203146,85.0
OP1001,TRN-FATIGUE-01,2024-11-12 13:45:00,fatigue,2024-11-16 14:11:50.387016246,91.0
OP1008,TRN-CAB-01,2024-11-13 12:55:00,operator_out_of_seat,2024-11-16 03:36:00.334846252,78.0
OP1010,TRN-PROX-01,2024-11-14 09:41:00,near_miss_person,2024-11-18 03:03:18.768552512,86.0
OP1005,TRN-SLOPE-01,2024-11-14 11:00:00,slope_exceeded,2024-11-16 14:44:53.301263187,86.0
OP1007,TRN-PROX-01,2024-11-14 13:15:00,near_miss_person,2024-11-19 09:53:28.998661545,76.0
OP1008,TRN-PROX-01,2024-11-14 16:30:00,near_miss_person,2024-11-16 22:24:15.089529133,77.0
OP1011,TRN-FATIGUE-01,2024-11-15 17:40:00,fatigue,2024-11-17 05:15:20.936486411,86.0
OP1003,TRN-FATIGUE-01,2024-11-16 11:25:00,fatigue,,
OP1003,TRN-LOAD-01,2024-11-18 14:45:00,low_productivity,2024-11-22 17:43:19.104893927,75.0
OP1003,TRN-FATIGUE-01,2024-11-19 17:55:00,fatigue,2024-11-22 23:51:33.895893744,69.0
OP1001,TRN-FATIGUE-01,2024-11-19 19:05:00,fatigue,2024-11-21 23:56:54.636758311,78.0
OP1002,TRN-IDLE-01,2024-11-20 13:05:00,excessive_idling,2024-11-22 06:33:33.122108701,90.0
OP1003,TRN-FATIGUE-01,2024-11-20 13:45:00,fatigue,2024-11-21 23:47:04.921751700,71.0
OP1008,TRN-SWING-01,2024-11-20 14:05:00,fast_swing,,
OP1003,TRN-PROX-01,2024-11-20 15:40:00,near_miss_person,2024-11-24 00:41:34.435063970,77.0
OP1006,TRN-IDLE-01,2024-11-22 09:25:00,excessive_idling,,
OP1005,TRN-SWING-01,2024-11-23 08:45:00,fast_swing,2024-11-27 17:59:49.602107069,88.0
OP1002,TRN-ENGINE-01,2024-11-23 13:15:00,over_rev,2024-11-24 21:34:23.857142989,91.0
OP1004,TRN-CAB-01,2024-11-24 01:50:00,operator_out_of_seat,2024-11-24 22:03:21.313250050,62.0
OP1003,TRN-BELT-01,2024-11-25 08:55:00,seatbelt_off_while_moving,2024-11-28 08:10:30.548442804,89.0
OP1007,TRN-PROX-01,2024-11-25 18:45:00,near_miss_person,2024-11-28 01:00:56.937783823,68.0
OP1002,TRN-PROX-01,2024-11-26 03:31:00,near_miss_person,2024-11-27 00:10:02.418484163,98.0
OP1001,TRN-SWING-01,2024-11-26 09:40:00,harsh_operation,2024-11-30 21:20:21.321538891,55.0
OP1008,TRN-BELT-01,2024-11-27 08:00:00,seatbelt_off_while_moving,,
OP1001,TRN-SWING-01,2024-11-27 11:30:00,harsh_operation,,
OP1004,TRN-CAB-01,2024-11-28 16:05:00,operator_out_of_seat,2024-12-03 02:12:14.454041234,74.0
OP1008,TRN-BELT-01,2024-11-28 23:10:00,seatbelt_off_while_moving,2024-12-03 09:05:47.134239662,92.0
OP1008,TRN-SWING-01,2024-11-29 11:35:00,fast_swing,2024-12-03 04:18:44.826235124,63.0
OP1002,TRN-FATIGUE-01,2024-11-29 18:50:00,fatigue,2024-11-30 12:50:34.038110081,80.0
OP1006,TRN-PROX-01,2024-11-29 22:13:00,near_miss_person,2024-11-30 19:16:28.217427711,72.0
OP1004,TRN-TRAVEL-01,2024-11-30 12:40:00,bucket_raised_travel,2024-12-01 03:14:43.107148469,56.0
OP1003,TRN-IDLE-01,2024-12-01 02:00:00,excessive_idling,,
OP1007,TRN-TRAVEL-01,2024-12-02 07:35:00,overspeed,2024-12-03 22:31:35.576214220,61.0
OP1012,TRN-BELT-01,2024-12-03 10:35:00,seatbelt_off_while_moving,2024-12-08 01:45:35.240762720,66.0
OP1004,TRN-SWING-01,2024-12-03 12:05:00,fast_swing,,
OP1005,TRN-PROX-01,2024-12-03 16:27:00,near_miss_person,2024-12-04 04:34:07.870935914,75.0
OP1004,TRN-SWING-01,2024-12-04 12:00:00,fast_swing,,
OP1005,TRN-TRAVEL-01,2024-12-04 14:05:00,bucket_raised_travel,2024-12-05 02:23:26.186121157,91.0
OP1004,TRN-PROX-01,2024-12-05 12:05:00,near_miss_person,2024-12-06 23:25:52.795496547,60.0
OP1002,TRN-PROX-01,2024-12-05 14:43:00,near_miss_person,2024-12-09 03:25:32.887232919,91.0
OP1006,TRN-SLOPE-01,2024-12-06 14:45:00,slope_exceeded,2024-12-07 18:41:19.326258272,81.0
OP1004,TRN-SWING-01,2024-12-07 12:05:00,fast_swing,2024-12-10 05:43:57.686122877,69.0
OP1002,TRN-ENGINE-01,2024-12-07 13:20:00,over_rev,2024-12-12 00:39:00.831309319,97.0
OP1005,TRN-IDLE-01,2024-12-09 14:45:00,excessive_idling,2024-12-12 07:31:13.128916735,98.0
OP1005,TRN-SEC-01,2024-12-09 17:25:00,fuel_theft,2024-12-11 23:37:29.018117297,73.0
OP1007,TRN-SWING-01,2024-12-10 15:45:00,harsh_operation,,
OP1004,TRN-FATIGUE-01,2024-12-11 11:55:00,fatigue,2024-12-14 03:16:02.089764121,71.0
OP1003,TRN-SLOPE-01,2024-12-12 09:00:00,slope_exceeded,2024-12-16 09:33:20.476757860,73.0
OP1010,TRN-SLOPE-01,2024-12-13 11:20:00,slope_exceeded,2024-12-14 20:07:20.898077913,87.0
OP1008,TRN-FATIGUE-01,2024-12-13 11:45:00,fatigue,2024-12-14 03:12:24.531645491,68.0
OP1006,TRN-CAB-01,2024-12-13 11:50:00,operator_out_of_seat,2024-12-15 13:59:24.150548893,71.0
OP1005,TRN-IDLE-01,2024-12-13 12:20:00,excessive_idling,2024-12-16 02:06:27.983175519,98.0
OP1006,TRN-FATIGUE-01,2024-12-13 16:55:00,fatigue,2024-12-14 12:40:24.356348149,55.0
OP1004,TRN-SEC-01,2024-12-13 19:20:00,after_hours_use,2024-12-16 01:55:25.533959646,75.0
OP1004,TRN-FATIGUE-01,2024-12-14 13:50:00,fatigue,,
OP1007,TRN-PROX-01,2024-12-14 14:36:00,near_miss_person,2024-12-19 08:20:35.902259223,75.0
OP1006,TRN-LOAD-01,2024-12-14 14:45:00,overload,2024-12-15 14:20:27.647869484,96.0
OP1007,TRN-FATIGUE-01,2024-12-14 16:45:00,fatigue,2024-12-18 07:50:53.713752301,75.0
OP1001,TRN-SWING-01,2024-12-16 09:25:00,fast_swing,2024-12-19 17:33:25.726851543,79.0
OP1001,TRN-PROX-01,2024-12-16 15:38:00,near_miss_person,2024-12-18 18:43:38.284384552,63.0
OP1006,TRN-CAB-01,2024-12-16 23:10:00,operator_out_of_seat,,
OP1006,TRN-IDLE-01,2024-12-17 09:15:00,excessive_idling,,
OP1003,TRN-PROX-01,2024-12-17 11:03:00,near_miss_person,2024-12-18 08:51:29.893819160,84.0
OP1007,TRN-LOAD-01,2024-12-18 10:50:00,low_productivity,,
OP1008,TRN-FATIGUE-01,2024-12-19 11:50:00,fatigue,,
OP1004,TRN-ENGINE-01,2024-12-20 16:45:00,over_rev,2024-12-24 06:21:33.248035279,87.0
OP1001,TRN-TRAVEL-01,2024-12-21 00:55:00,bucket_raised_travel,,
OP1005,TRN-LOAD-01,2024-12-22 01:35:00,low_productivity,2024-12-24 01:17:38.569616431,100.0
OP1007,TRN-IDLE-01,2024-12-23 17:05:00,excessive_idling,2024-12-28 11:23:55.916773825,62.0
OP1008,TRN-ENGINE-01,2024-12-24 21:05:00,overheating,,
OP1001,TRN-FATIGUE-01,2024-12-25 11:45:00,fatigue,2024-12-29 13:32:33.292600037,82.0
OP1005,TRN-LOAD-01,2024-12-27 08:00:00,low_productivity,2024-12-31 23:03:40.956953438,78.0
OP1005,TRN-IDLE-01,2024-12-27 09:35:00,excessive_idling,2024-12-29 13:02:04.903596378,83.0
OP1001,TRN-SWING-01,2024-12-27 10:30:00,fast_swing,,
OP1001,TRN-TRAVEL-01,2024-12-28 07:30:00,bucket_raised_travel,2025-01-01 15:18:02.793870458,80.0
OP1008,TRN-SWING-01,2024-12-28 10:40:00,fast_swing,,
OP1002,TRN-PROX-01,2024-12-28 14:48:00,near_miss_person,2024-12-29 08:25:44.368931799,75.0
OP1011,TRN-FATIGUE-01,2024-12-30 18:45:00,fatigue,2024-12-31 08:09:11.072904671,96.0
OP1006,TRN-CAB-01,2024-12-30 19:35:00,unsafe_refuelling,2025-01-02 01:56:56.660752150,75.0
OP1007,TRN-PROX-01,2024-12-31 10:29:00,near_miss_person,2025-01-05 09:07:01.504193410,61.0
OP1005,TRN-PROX-01,2024-12-31 12:51:00,near_miss_person,2025-01-02 01:56:32.609149821,87.0
OP1003,TRN-SEC-01,2024-12-31 17:25:00,fuel_theft,2025-01-05 10:28:58.880325293,89.0
OP1011,TRN-TRAVEL-01,2025-01-01 07:30:00,bucket_raised_travel,2025-01-02 13:52:36.976512999,76.0
OP1002,TRN-CAB-01,2025-01-01 07:40:00,unsafe_refuelling,2025-01-05 10:33:34.020739842,86.0
OP1001,TRN-TRAVEL-01,2025-01-01 09:00:00,overspeed,2025-01-05 09:33:45.005425528,83.0
OP1006,TRN-IDLE-01,2025-01-01 14:10:00,excessive_idling,2025-01-02 06:08:53.038896425,93.0
OP1010,TRN-IDLE-01,2025-01-02 11:40:00,excessive_idling,2025-01-05 22:57:24.668616714,74.0
OP1005,TRN-SWING-01,2025-01-03 04:00:00,fast_swing,2025-01-06 21:42:39.454603047,100.0
OP1008,TRN-CAB-01,2025-01-03 09:40:00,operator_out_of_seat,,
OP1007,TRN-ENGINE-01,2025-01-03 11:35:00,over_rev,2025-01-06 09:24:12.727036646,65.0
OP1001,TRN-SWING-01,2025-01-03 11:50:00,fast_swing,2025-01-05 03:57:58.392471622,100.0
OP1004,TRN-ENGINE-01,2025-01-03 14:25:00,overheating,2025-01-08 09:14:11.880302336,50.0
OP1004,TRN-FATIGUE-01,2025-01-03 16:00:00,fatigue,2025-01-05 18:43:47.657566055,50.0
OP1003,TRN-BELT-01,2025-01-03 16:20:00,seatbelt_off_while_moving,2025-01-05 01:07:40.642447949,85.0
OP1007,TRN-LOAD-01,2025-01-04 09:55:00,low_productivity,2025-01-09 03:51:08.253834197,62.0
OP1005,TRN-LOAD-01,2025-01-04 14:25:00,overload,,
OP1003,TRN-SLOPE-01,2025-01-05 02:00:00,slope_exceeded,2025-01-06 21:57:00.266992101,76.0
OP1008,TRN-SWING-01,2025-01-06 10:40:00,fast_swing,,
OP1005,TRN-FATIGUE-01,2025-01-07 11:50:00,fatigue,2025-01-09 13:55:50.502238057,81.0
OP1004,TRN-SWING-01,2025-01-07 16:25:00,harsh_operation,2025-01-12 04:41:31.695270776,73.0
OP1004,TRN-IDLE-01,2025-01-07 16:55:00,excessive_idling,2025-01-09 18:56:43.999318711,59.0
OP1003,TRN-SEC-01,2025-01-07 19:40:00,unauthorized_operator,2025-01-10 12:26:30.884241058,85.0
OP1003,TRN-PROX-01,2025-01-08 09:22:00,near_miss_person,,
OP1001,TRN-FATIGUE-01,2025-01-08 11:35:00,fatigue,2025-01-13 05:18:05.914782329,81.0
OP1008,TRN-CAB-01,2025-01-08 11:40:00,operator_out_of_seat,2025-01-09 03:40:05.541882996,90.0
OP1004,TRN-PROX-01,2025-01-08 11:46:00,near_miss_person,2025-01-10 04:59:52.845410271,76.0
OP1001,TRN-FATIGUE-01,2025-01-09 19:05:00,fatigue,2025-01-13 17:57:52.143292213,70.0
OP1007,TRN-FATIGUE-01,2025-01-10 18:10:00,fatigue,,
OP1009,TRN-CAB-01,2025-01-11 12:00:00,operator_out_of_seat,2025-01-15 04:51:25.991510017,74.0
OP1004,TRN-FATIGUE-01,2025-01-11 17:35:00,fatigue,2025-01-15 07:31:51.005808239,66.0
OP1004,TRN-CAB-01,2025-01-13 07:15:00,unsafe_refuelling,2025-01-14 11:50:03.118537357,65.0
OP1008,TRN-BELT-01,2025-01-13 10:15:00,seatbelt_off_while_moving,2025-01-15 16:40:14.812964049,79.0
OP1007,TRN-BELT-01,2025-01-13 10:20:00,seatbelt_off_while_moving,2025-01-14 06:36:29.896475488,79.0
OP1003,TRN-CAB-01,2025-01-13 12:35:00,operator_out_of_seat,2025-01-15 06:02:53.609072996,95.0
OP1007,TRN-LOAD-01,2025-01-14 08:45:00,overload,2025-01-18 09:24:45.868327002,50.0
OP1005,TRN-FATIGUE-01,2025-01-14 23:25:00,fatigue,2025-01-19 04:53:48.939472389,81.0
OP1005,TRN-FATIGUE-01,2025-01-15 00:00:00,fatigue,2025-01-16 09:23:10.785743628,71.0
OP1003,TRN-PROX-01,2025-01-15 14:22:00,near_miss_person,2025-01-20 03:12:49.533045432,73.0
OP1007,TRN-IDLE-01,2025-01-15 14:30:00,excessive_idling,2025-01-19 12:01:41.781319914,61.0
OP1005,TRN-FATIGUE-01,2025-01-16 11:20:00,fatigue,2025-01-19 05:37:26.251005674,89.0
OP1005,TRN-LOAD-01,2025-01-16 12:20:00,low_productivity,2025-01-19 03:36:03.716477082,78.0
OP1004,TRN-LOAD-01,2025-01-16 16:05:00,overload,,
OP1004,TRN-IDLE-01,2025-01-16 16:25:00,excessive_idling,2025-01-20 03:08:03.784989396,67.0
OP1007,TRN-CAB-01,2025-01-17 13:45:00,operator_out_of_seat,2025-01-22 06:12:24.311599331,74.0
OP1008,TRN-IDLE-01,2025-01-18 12:15:00,excessive_idling,2025-01-19 18:02:24.618427912,66.0
OP1005,TRN-SWING-01,2025-01-18 14:50:00,fast_swing,2025-01-19 16:13:29.366487031,94.0
OP1004,TRN-FATIGUE-01,2025-01-18 20:00:00,fatigue,2025-01-22 22:34:22.639883369,55.0
OP1002,TRN-TRAVEL-01,2025-01-20 07:30:00,overspeed,2025-01-23 03:27:26.609793935,87.0
OP1004,TRN-FATIGUE-01,2025-01-20 17:15:00,fatigue,2025-01-22 20:35:57.303425004,78.0
OP1003,TRN-FATIGUE-01,2025-01-21 00:05:00,fatigue,,
OP1001,TRN-FATIGUE-01,2025-01-21 13:40:00,fatigue,2025-01-24 01:19:48.468377068,75.0
OP1002,TRN-PROX-01,2025-01-21 15:17:00,near_miss_person,2025-01-24 11:08:26.483397251,96.0
OP1008,TRN-IDLE-01,2025-01-21 23:20:00,excessive_idling,2025-01-26 11:26:49.026382563,99.0
OP1009,TRN-PROX-01,2025-01-22 09:19:00,near_miss_person,2025-01-25 02:28:45.774031174,73.0
OP1002,TRN-IDLE-01,2025-01-22 10:20:00,excessive_idling,2025-01-25 07:01:39.434883757,99.0
OP1005,TRN-PROX-01,2025-01-22 15:33:00,near_miss_person,2025-01-24 01:18:45.464270978,90.0
OP1009,TRN-FATIGUE-01,2025-01-22 16:35:00,fatigue,2025-01-25 11:39:09.855908026,59.0
OP1004,TRN-ENGINE-01,2025-01-23 00:00:00,over_rev,2025-01-25 01:30:23.986755174,62.0
OP1001,TRN-SWING-01,2025-01-23 11:25:00,harsh_operation,2025-01-26 02:07:29.819354262,83.0
OP1005,TRN-SLOPE-01,2025-01-23 12:10:00,slope_exceeded,2025-01-28 01:03:52.689939546,100.0
OP1012,TRN-TRAVEL-01,2025-01-24 07:50:00,bucket_raised_travel,,
OP1012,TRN-ENGINE-01,2025-01-24 13:05:00,overheating,2025-01-25 06:31:32.823852479,71.0
OP1007,TRN-FATIGUE-01,2025-01-24 16:55:00,fatigue,2025-01-25 06:10:26.926940663,54.0
OP1005,TRN-FATIGUE-01,2025-01-25 16:30:00,fatigue,2025-01-30 04:05:01.235378264,89.0
OP1002,TRN-LOAD-01,2025-01-25 20:20:00,overload,2025-01-27 07:31:27.321265734,72.0
OP1008,TRN-BELT-01,2025-01-27 13:25:00,seatbelt_off_while_moving,2025-01-31 05:45:07.152909999,81.0
OP1010,TRN-FATIGUE-01,2025-01-28 11:45:00,fatigue,,
OP1006,TRN-SEC-01,2025-01-28 16:35:00,fuel_theft,,
OP1002,TRN-SWING-01,2025-01-29 08:20:00,harsh_operation,,
OP1007,TRN-TRAVEL-01,2025-01-30 10:40:00,bucket_raised_travel,2025-02-03 15:39:08.401043165,63.0
OP1001,TRN-SWING-01,2025-01-30 15:45:00,fast_swing,2025-02-03 14:22:05.099708624,81.0
OP1001,TRN-PROX-01,2025-01-30 16:01:00,near_miss_person,2025-02-03 14:45:45.020457287,82.0
OP1006,TRN-IDLE-01,2025-01-31 09:35:00,excessive_idling,2025-02-05 07:27:38.173087500,86.0
OP1005,TRN-CAB-01,2025-01-31 10:35:00,operator_out_of_seat,2025-02-01 01:18:22.564827169,89.0
OP1002,TRN-SWING-01,2025-02-03 12:15:00,fast_swing,,
OP1003,TRN-TRAVEL-01,2025-02-04 11:00:00,overspeed,2025-02-09 06:15:43.965127366,78.0
OP1004,TRN-FATIGUE-01,2025-02-04 11:15:00,fatigue,2025-02-05 03:31:30.416475893,65.0
OP1007,TRN-PROX-01,2025-02-04 15:46:00,near_miss_person,2025-02-05 23:22:48.257290229,47.0
OP1007,TRN-IDLE-01,2025-02-05 11:20:00,excessive_idling,2025-02-07 16:49:53.018783696,56.0
OP1004,TRN-ENGINE-01,2025-02-06 09:55:00,over_rev,2025-02-10 09:20:11.092050366,67.0
OP1007,TRN-ENGINE-01,2025-02-06 09:55:00,over_rev,2025-02-08 03:08:05.458975375,73.0
OP1007,TRN-SLOPE-01,2025-02-06 11:20:00,slope_exceeded,,
OP1005,TRN-FATIGUE-01,2025-02-06 16:30:00,fatigue,2025-02-10 04:56:14.518603000,100.0
OP1008,TRN-IDLE-01,2025-02-06 16:30:00,excessive_idling,2025-02-08 14:07:40.194483427,67.0
OP1003,TRN-CAB-01,2025-02-07 08:55:00,operator_out_of_seat,2025-02-08 20:10:48.663513277,69.0
OP1001,TRN-SEC-01,2025-02-07 19:30:00,unauthorized_operator,2025-02-09 17:28:44.252107601,75.0
OP1002,TRN-PROX-01,2025-02-08 12:19:00,near_miss_person,2025-02-11 23:44:30.361351060,100.0
OP1004,TRN-FATIGUE-01,2025-02-08 18:35:00,fatigue,2025-02-09 08:03:27.669542799,65.0
OP1001,TRN-SWING-01,2025-02-10 08:45:00,harsh_operation,2025-02-11 08:13:42.946095552,68.0
OP1004,TRN-CAB-01,2025-02-10 16:05:00,operator_out_of_seat,2025-02-12 09:06:53.848994317,64.0
OP1004,TRN-SEC-01,2025-02-10 19:50:00,fuel_theft,2025-02-11 17:36:23.011823052,61.0
OP1005,TRN-LOAD-01,2025-02-11 13:05:00,low_productivity,2025-02-16 01:47:15.672519404,89.0
OP1004,TRN-SEC-01,2025-02-11 20:10:00,after_hours_use,,
OP1008,TRN-FATIGUE-01,2025-02-12 02:00:00,fatigue,2025-02-12 16:34:19.773978809,87.0
OP1004,TRN-LOAD-01,2025-02-12 07:55:00,low_productivity,2025-02-15 12:20:11.901774711,54.0
OP1002,TRN-IDLE-01,2025-02-12 11:20:00,excessive_idling,2025-02-14 06:24:18.822882986,100.0
OP1001,TRN-PROX-01,2025-02-12 15:39:00,near_miss_person,2025-02-14 03:51:31.370686218,91.0
OP1004,TRN-SWING-01,2025-02-13 13:20:00,fast_swing,2025-02-14 20:11:48.460385621,65.0
OP1003,TRN-PROX-01,2025-02-14 10:38:00,near_miss_person,,
OP1004,TRN-FATIGUE-01,2025-02-14 14:25:00,fatigue,2025-02-16 04:34:48.430747383,65.0
OP1002,TRN-FATIGUE-01,2025-02-15 06:40:00,fatigue,2025-02-17 00:15:22.549505744,85.0
OP1002,TRN-PROX-01,2025-02-17 10:41:00,near_miss_person,2025-02-17 23:55:53.823009647,82.0
OP1001,TRN-PROX-01,2025-02-17 14:17:00,near_miss_person,2025-02-20 03:56:53.242757082,77.0
OP1005,TRN-CAB-01,2025-02-18 11:35:00,operator_out_of_seat,2025-02-22 07:27:23.846993833,91.0
OP1003,TRN-SWING-01,2025-02-19 07:55:00,fast_swing,2025-02-22 19:08:51.083362924,74.0
OP1012,TRN-FATIGUE-01,2025-02-19 11:20:00,fatigue,2025-02-21 20:57:06.336269065,60.0
OP1001,TRN-SWING-01,2025-02-20 13:05:00,fast_swing,2025-02-22 15:11:37.341977787,61.0
OP1004,TRN-LOAD-01,2025-02-21 09:05:00,overload,2025-02-22 09:41:50.296110192,58.0
OP1002,TRN-FATIGUE-01,2025-02-22 16:50:00,fatigue,2025-02-23 06:52:52.682281381,95.0
OP1004,TRN-LOAD-01,2025-02-24 13:10:00,low_productivity,2025-02-28 05:27:26.953766121,62.0
OP1006,TRN-SEC-01,2025-02-24 19:25:00,unauthorized_operator,2025-02-27 16:23:31.792370782,80.0
OP1006,TRN-PROX-01,2025-02-25 11:12:00,near_miss_person,2025-02-27 14:03:17.324141756,75.0
OP1008,TRN-BELT-01,2025-02-26 11:35:00,seatbelt_off_while_moving,,
OP1006,TRN-TRAVEL-01,2025-02-26 13:15:00,bucket_raised_travel,2025-02-28 17:31:05.570287744,75.0
OP1003,TRN-SEC-01,2025-02-26 19:00:00,fuel_theft,2025-03-03 14:08:30.785758471,74.0
OP1004,TRN-IDLE-01,2025-02-26 22:30:00,excessive_idling,2025-02-27 10:40:40.387012795,71.0
OP1007,TRN-IDLE-01,2025-02-28 13:35:00,excessive_idling,2025-03-01 03:43:53.651241443,67.0
OP1002,TRN-TRAVEL-01,2025-03-01 07:30:00,bucket_raised_travel,2025-03-06 05:08:25.214054557,77.0
OP1007,TRN-BELT-01,2025-03-01 10:30:00,seatbelt_off_while_moving,2025-03-02 13:46:50.357166087,71.0
OP1005,TRN-FATIGUE-01,2025-03-01 18:00:00,fatigue,,
OP1001,TRN-FATIGUE-01,2025-03-01 18:45:00,fatigue,2025-03-05 02:45:04.291916396,84.0
OP1001,TRN-BELT-01,2025-03-03 16:30:00,seatbelt_off_while_moving,2025-03-06 01:06:37.572840325,89.0
OP1012,TRN-SEC-01,2025-03-04 17:05:00,fuel_theft,2025-03-08 19:52:06.958946307,74.0
OP1004,TRN-FATIGUE-01,2025-03-05 18:50:00,fatigue,2025-03-10 14:51:23.704985782,69.0
OP1002,TRN-FATIGUE-01,2025-03-06 19:20:00,fatigue,2025-03-11 06:32:41.189620149,86.0
OP1007,TRN-FATIGUE-01,2025-03-10 17:00:00,fatigue,2025-03-12 18:29:01.939980772,70.0
OP1007,TRN-CAB-01,2025-03-11 11:40:00,operator_out_of_seat,2025-03-15 08:45:34.550395053,70.0
OP1008,TRN-LOAD-01,2025-03-12 03:10:00,low_productivity,,
OP1010,TRN-ENGINE-01,2025-03-12 07:50:00,over_rev,2025-03-15 21:10:36.431721367,96.0
OP1004,TRN-SEC-01,2025-03-12 21:50:00,unauthorized_operator,2025-03-13 12:44:06.471204413,75.0
OP1006,TRN-CAB-01,2025-03-13 09:30:00,operator_out_of_seat,2025-03-17 16:10:42.786702434,92.0
OP1005,TRN-TRAVEL-01,2025-03-14 10:25:00,overspeed,2025-03-19 09:15:21.340897528,76.0
OP1003,TRN-FATIGUE-01,2025-03-16 05:00:00,fatigue,2025-03-19 18:56:41.168036399,80.0
OP1007,TRN-TRAVEL-01,2025-03-17 10:55:00,overspeed,2025-03-20 11:18:09.753127568,70.0
OP1012,TRN-TRAVEL-01,2025-03-17 12:40:00,overspeed,2025-03-21 09:17:47.451600999,57.0
OP1005,TRN-FATIGUE-01,2025-03-17 18:40:00,fatigue,2025-03-19 01:32:57.032939048,65.0
OP1005,TRN-IDLE-01,2025-03-18 11:25:00,excessive_idling,,
OP1004,TRN-FATIGUE-01,2025-03-19 00:00:00,fatigue,,
OP1004,TRN-ENGINE-01,2025-03-19 12:55:00,overheating,2025-03-22 23:21:17.132903672,53.0
OP1007,TRN-FATIGUE-01,2025-03-20 17:25:00,fatigue,2025-03-24 11:38:24.589537715,79.0
OP1007,TRN-BELT-01,2025-03-21 13:40:00,seatbelt_off_while_moving,2025-03-24 18:51:39.805663971,83.0
OP1008,TRN-TRAVEL-01,2025-03-22 07:45:00,bucket_raised_travel,2025-03-23 21:55:55.476569869,95.0
OP1010,TRN-BELT-01,2025-03-22 08:55:00,seatbelt_off_while_moving,,
OP1008,TRN-PROX-01,2025-03-24 11:27:00,near_miss_person,2025-03-26 21:46:23.690664882,100.0
OP1006,TRN-FATIGUE-01,2025-03-24 11:40:00,fatigue,,
OP1003,TRN-SLOPE-01,2025-03-24 16:15:00,slope_exceeded,2025-03-27 02:03:35.817124533,69.0
OP1004,TRN-SWING-01,2025-03-25 11:20:00,harsh_operation,2025-03-30 08:42:04.006938077,65.0
OP1004,TRN-SWING-01,2025-03-25 15:15:00,fast_swing,2025-03-29 21:06:03.411659550,66.0
OP1007,TRN-CAB-01,2025-03-25 15:25:00,operator_out_of_seat,,
OP1003,TRN-ENGINE-01,2025-03-26 08:30:00,over_rev,2025-03-28 01:58:52.029447561,83.0
OP1003,TRN-CAB-01,2025-03-26 13:10:00,operator_out_of_seat,2025-03-30 10:20:44.442782857,65.0
OP1007,TRN-CAB-01,2025-03-26 13:15:00,operator_out_of_seat,2025-03-27 15:26:16.882412634,77.0
OP1007,TRN-IDLE-01,2025-03-27 11:50:00,excessive_idling,2025-03-29 23:57:16.489140149,82.0
OP1004,TRN-PROX-01,2025-03-28 00:31:00,near_miss_person,2025-03-29 14:11:00.166512173,79.0
OP1004,TRN-IDLE-01,2025-03-28 13:10:00,excessive_idling,2025-03-31 17:04:12.750177010,65.0
OP1003,TRN-SWING-01,2025-03-28 14:55:00,harsh_operation,2025-03-30 10:18:46.399386173,80.0
OP1008,TRN-ENGINE-01,2025-03-29 13:45:00,over_rev,2025-04-01 20:35:01.253952799,93.0
OP1002,TRN-CAB-01,2025-03-31 22:30:00,operator_out_of_seat,2025-04-04 02:46:21.059620406,96.0
OP1007,TRN-SLOPE-01,2025-04-01 17:05:00,slope_exceeded,2025-04-05 22:20:10.429859195,67.0
OP1008,TRN-FATIGUE-01,2025-04-02 13:55:00,fatigue,2025-04-04 17:28:10.533096523,82.0
OP1003,TRN-ENGINE-01,2025-04-02 14:10:00,overheating,2025-04-04 19:50:14.448798804,81.0
OP1003,TRN-FATIGUE-01,2025-04-02 14:25:00,fatigue,2025-04-06 13:04:47.006096846,85.0
OP1003,TRN-IDLE-01,2025-04-02 16:45:00,excessive_idling,2025-04-04 03:10:18.419092779,86.0
OP1001,TRN-SWING-01,2025-04-04 08:10:00,fast_swing,2025-04-07 05:40:35.497584673,83.0
OP1001,TRN-ENGINE-01,2025-04-04 14:20:00,overheating,2025-04-07 16:03:38.142178382,100.0
OP1008,TRN-SEC-01,2025-04-04 17:45:00,fuel_theft,2025-04-05 09:45:50.264538191,60.0
OP1009,TRN-BELT-01,2025-04-05 15:05:00,seatbelt_off_while_moving,2025-04-06 09:38:59.562772094,71.0
OP1006,TRN-SEC-01,2025-04-05 17:45:00,after_hours_use,2025-04-10 00:55:24.193390740,80.0
OP1008,TRN-FATIGUE-01,2025-04-05 18:15:00,fatigue,2025-04-08 00:11:24.373453116,82.0
OP1004,TRN-ENGINE-01,2025-04-07 13:00:00,over_rev,2025-04-12 06:47:59.585934677,65.0
OP1008,TRN-PROX-01,2025-04-07 13:46:00,near_miss_person,2025-04-12 07:53:26.705680837,74.0
OP1001,TRN-TRAVEL-01,2025-04-08 09:40:00,overspeed,2025-04-12 18:24:32.805859147,93.0
OP1001,TRN-TRAVEL-01,2025-04-09 08:40:00,bucket_raised_travel,2025-04-12 16:41:57.373998037,81.0
OP1006,TRN-TRAVEL-01,2025-04-09 10:15:00,overspeed,2025-04-10 12:40:27.825556142,93.0
OP1008,TRN-TRAVEL-01,2025-04-10 08:50:00,bucket_raised_travel,2025-04-11 20:19:41.737339561,86.0
OP1007,TRN-CAB-01,2025-04-10 11:25:00,operator_out_of_seat,2025-04-13 09:05:51.708338901,72.0
OP1001,TRN-SWING-01,2025-04-12 10:20:00,fast_swing,2025-04-14 23:21:23.478848547,77.0
OP1001,TRN-IDLE-01,2025-04-12 11:50:00,excessive_idling,2025-04-14 02:33:10.013664477,68.0
OP1006,TRN-LOAD-01,2025-04-12 21:15:00,low_productivity,,
OP1002,TRN-PROX-01,2025-04-14 10:47:00,near_miss_person,2025-04-15 20:12:18.991152323,82.0
OP1005,TRN-IDLE-01,2025-04-15 08:50:00,excessive_idling,2025-04-19 08:00:32.150858080,100.0
OP1005,TRN-SLOPE-01,2025-04-15 13:40:00,slope_exceeded,2025-04-18 20:26:52.885341627,99.0
OP1006,TRN-SWING-01,2025-04-16 13:30:00,harsh_operation,2025-04-18 23:26:57.368248439,82.0
OP1007,TRN-IDLE-01,2025-04-17 12:25:00,excessive_idling,2025-04-18 09:12:37.300364963,59.0
OP1006,TRN-PROX-01,2025-04-18 10:43:00,near_miss_person,2025-04-20 07:49:35.374700832,70.0
OP1010,TRN-ENGINE-01,2025-04-18 11:40:00,over_rev,2025-04-23 07:55:16.989360244,100.0
OP1006,TRN-ENGINE-01,2025-04-19 09:50:00,overheating,,
OP1005,TRN-ENGINE-01,2025-04-19 11:15:00,over_rev,2025-04-21 16:16:19.501635437,98.0
OP1012,TRN-IDLE-01,2025-04-19 12:55:00,excessive_idling,,
OP1001,TRN-TRAVEL-01,2025-04-19 16:35:00,bucket_raised_travel,2025-04-22 15:31:35.196570818,96.0
OP1004,TRN-LOAD-01,2025-04-21 09:55:00,overload,2025-04-23 07:54:29.556662007,60.0
OP1008,TRN-IDLE-01,2025-04-22 11:00:00,excessive_idling,2025-04-24 18:11:03.956769838,66.0
OP1004,TRN-FATIGUE-01,2025-04-22 11:25:00,fatigue,2025-04-24 04:05:10.000651143,79.0
OP1012,TRN-FATIGUE-01,2025-04-22 18:10:00,fatigue,,
OP1008,TRN-TRAVEL-01,2025-04-23 10:30:00,bucket_raised_travel,2025-04-27 10:45:47.433847201,74.0
OP1002,TRN-ENGINE-01,2025-04-23 13:55:00,over_rev,2025-04-24 11:23:35.812653403,71.0
OP1004,TRN-TRAVEL-01,2025-04-23 16:40:00,bucket_raised_travel,2025-04-27 08:56:03.534606952,76.0
OP1001,TRN-ENGINE-01,2025-04-24 16:00:00,overheating,2025-04-25 11:25:20.589308251,94.0
OP1004,TRN-SEC-01,2025-04-25 18:30:00,unauthorized_operator,2025-04-28 02:49:31.725684121,54.0
OP1011,TRN-ENGINE-01,2025-04-29 11:05:00,over_rev,,
OP1004,TRN-LOAD-01,2025-04-30 09:05:00,low_productivity,2025-05-04 03:49:25.616190261,52.0
OP1005,TRN-FATIGUE-01,2025-04-30 16:25:00,fatigue,2025-05-01 05:49:35.316914353,80.0
